command,mean,stddev,median,user,system,min,max
./handin -n200 -d0.6,1.571022283645,0.0161432316791209,1.5682623324449998,0.45939473499999994,1.1661157000000002,1.5463693449449998,1.604436563945
