command,mean,stddev,median,user,system,min,max
./handin -n100000 -d0.01,1.5339923452200002,0.013215046426842531,1.53513539382,0.44604461500000003,1.1529522700000001,1.5115390373200002,1.55475186932
