command,mean,stddev,median,user,system,min,max
./handin -n100000 -d0.01,1.462210119455,0.01431922500665587,1.4633509613549998,0.46071649499999995,1.10579712,1.439506864855,1.482523839855
