command,mean,stddev,median,user,system,min,max
./handin -n1000 -d0.02,32.005861757690006,0.0064011007656667685,32.00671548169,30.58896261833333,1.412355165,31.999076636690003,32.011793154690004
