command,mean,stddev,median,user,system,min,max
./handin -n100000 -d0.01,1.4685909262749999,0.023324418841894397,1.4732061539749999,0.45650468999999994,1.0989863549999999,1.428903812975,1.5076576929749999
