command,mean,stddev,median,user,system,min,max
./handin -n100000 -d0.01,1.1433515899500002,0.009595140274493038,1.14539433015,0.06013874,1.170647215,1.12003209765,1.15183945165
