command,mean,stddev,median,user,system,min,max
./handin -n1000 -d0.02,32.107651866305,0.024450101474942223,32.098840537305,30.56897718833333,1.547882915,32.088828716305,32.135286345305
