command,mean,stddev,median,user,system,min,max
./handin -n200 -d0.6,1.49338495103,0.006667020372170985,1.49432723353,0.45877183000000005,1.1296588549999997,1.47787509703,1.50218164503
