command,mean,stddev,median,user,system,min,max
./handin -n200 -d0.6,1.26740734313,0.015905265364952022,1.26761164393,0.133142235,1.20666015,1.2359801584299999,1.29639362143
