command,mean,stddev,median,user,system,min,max
./handin -n1000 -d0.02,2.135162875431667,0.02223325170872547,2.125335149765,0.61348614,1.5788821416666667,2.119537036765,2.160616439765
