command,mean,stddev,median,user,system,min,max
./handin -n200 -d0.6,1.556295869035,0.02309272305066852,1.563326392835,0.46492217,1.144836925,1.507478363335,1.5764436883350001
