command,mean,stddev,median,user,system,min,max
./naive -n1000 -d0.02,113.54081511045166,0.15830323374058072,113.617055709785,111.50756873499999,1.7831889016666664,113.358818328785,113.646571292785
