command,mean,stddev,median,user,system,min,max
./naive -n100000 -d0.01,1.8002844868800003,0.010690968763341463,1.79947886158,0.6748551749999999,1.1673512550000003,1.78532088358,1.81621424158
