command,mean,stddev,median,user,system,min,max
./naive -n200 -d0.6,4.314497365165,0.019432018510985725,4.319602417264999,3.1981328700000002,1.193703845,4.290837035765,4.340925529764999
