command,mean,stddev,median,user,system,min,max
./naive -n200 -d0.6,4.223138957925,0.014872890890300312,4.223678830625,3.1911267249999997,1.13028888,4.199515896125,4.245917677125
