command,mean,stddev,median,user,system,min,max
./naive -n100000 -d0.01,1.5770614006650001,0.016534737095144397,1.578248723965,0.561382215,1.0788820949999998,1.548859601965,1.595140883965
