command,mean,stddev,median,user,system,min,max
./naive -n200 -d0.6,4.523325731464999,0.01686107813647528,4.5213742914649995,3.40515731,1.208304275,4.499542649465,4.555057240465
