command,mean,stddev,median,user,system,min,max
./naive -n100000 -d0.01,1.63673207408,0.03088645436598647,1.63602396348,0.55226164,1.14657419,1.58746469698,1.6785790379799999
