command,mean,stddev,median,user,system,min,max
./naive -n1000 -d0.02,106.34253201630167,0.0030853683935680425,106.34383998763501,104.08338121666667,1.9094508616666666,106.339008116635,106.344747944635
