command,mean,stddev,median,user,system,min,max
./naive -n200 -d0.6,4.241448822145,0.018547761385830447,4.246352694444999,3.196166174999999,1.1380919950000004,4.204422020945,4.267965422945
