command,mean,stddev,median,user,system,min,max
./naive -n100000 -d0.01,1.58419659293,0.034466003464062304,1.57375632623,0.573020295,1.1041188549999998,1.55378691323,1.6639421752299999
