command,mean,stddev,median,user,system,min,max
./naive -n1000 -d0.02,113.28266602181667,0.0924514099361349,113.30992282715,111.470094425,1.5370269849999998,113.17965046615001,113.35842477215
