command,mean,stddev,median,user,system,min,max
./optimized -n100000 -d0.01,1.58758091864,0.011443058524022493,1.59209487044,0.54958317,1.128461805,1.56449410594,1.60048600694
