command,mean,stddev,median,user,system,min,max
./optimized_ls -n200 -d0.6,1.701606762385,0.023936436773862826,1.696474288685,0.617625695,1.149803075,1.682972904685,1.766125204685
