command,mean,stddev,median,user,system,min,max
./optimized_ls -n1000 -d0.02,30.821579858994998,0.2630245888856598,30.812159691995,28.083856628333333,1.51645437,30.563391901995,31.089187982995
