command,mean,stddev,median,user,system,min,max
./optimized -n200 -d0.6,1.695288274675,0.013558755001905114,1.6891192036750002,0.6097006949999999,1.1643927800000002,1.679160691175,1.7220906521750001
