command,mean,stddev,median,user,system,min,max
./optimized_ls -n100000 -d0.01,1.656409053755,0.01296241219726226,1.659424515855,0.5572339299999999,1.1442817249999997,1.6238352868550001,1.669755246855
