command,mean,stddev,median,user,system,min,max
./overhead -n200 -d0.6,1.25700886791,0.01818868294873429,1.2556298246100002,0.11661152999999999,1.2459524149999999,1.22657263361,1.28780679661
