command,mean,stddev,median,user,system,min,max
./overhead -n1000 -d0.02,1.9255569498566665,0.002646652936254852,1.92595151019,0.5542801516666667,1.4869267899999998,1.92273516719,1.92798417219
