command,mean,stddev,median,user,system,min,max
./overhead -n200 -d0.6,1.2256330335999999,0.006770965837118947,1.2267863574,0.11012174500000001,1.193457715,1.2088087119,1.2327909359
