command,mean,stddev,median,user,system,min,max
./overhead -n200 -d0.6,1.141319073335,0.014961500256777456,1.134357230235,0.102291565,1.1391807149999997,1.130315716235,1.175577759235
