command,mean,stddev,median,user,system,min,max
./overhead -n100000 -d0.01,1.1324694953199999,0.020107076888981914,1.13669300392,0.05959174499999999,1.1763242899999997,1.09273049092,1.16028423892
