command,mean,stddev,median,user,system,min,max
./overhead -n1000 -d0.02,2.0825657980166667,0.009166319530184286,2.08041143035,0.5749666116666666,1.5543734916666665,2.07466854935,2.09261741435
