command,mean,stddev,median,user,system,min,max
./overhead -n100000 -d0.01,1.117066463485,0.007547234419464947,1.119239837685,0.055118484999999995,1.1338880199999999,1.103386503185,1.124524705185
