command,mean,stddev,median,user,system,min,max
./overhead -n1000 -d0.02,2.087049863168333,0.003402078378624351,2.086945886835,0.5898374216666666,1.555430165,2.083700964835,2.090502737835
