command,mean,stddev,median,user,system,min,max
./overhead -n100000 -d0.01,1.0807438388200001,0.01015764640813457,1.0817988764200002,0.055089559999999996,1.11313512,1.06221574442,1.10052333942
